<?xml version="1.0" encoding="UTF-8"?>
<project-private xmlns="http://www.netbeans.org/ns/project-private/1">
    <editor-bookmarks xmlns="http://www.netbeans.org/ns/editor-bookmarks/2" lastBookmarkId="0"/>
    <open-files xmlns="http://www.netbeans.org/ns/projectui-open-files/2">
        <group>
            <file>file:/C:/Users/Leon%20Kranjcevic/OneDrive%20-%20Visoko%20uciliste%20Algebra/Desktop/PPPK_JavaProjekt/PeopleManager/src/hr/algebra/controller/StudentsAndSubjectsController.java</file>
            <file>file:/C:/Users/Leon%20Kranjcevic/OneDrive%20-%20Visoko%20uciliste%20Algebra/Desktop/PPPK_JavaProjekt/PeopleManager/src/hr/algebra/controller/PeopleController.java</file>
            <file>file:/C:/Users/Leon%20Kranjcevic/OneDrive%20-%20Visoko%20uciliste%20Algebra/Desktop/PPPK_JavaProjekt/PeopleManager/src/hr/algebra/viewmodel/SubjectViewModel.java</file>
            <file>file:/C:/Users/Leon%20Kranjcevic/OneDrive%20-%20Visoko%20uciliste%20Algebra/Desktop/PPPK_JavaProjekt/PeopleManager/src/hr/algebra/model/Student.java</file>
            <file>file:/C:/Users/Leon%20Kranjcevic/OneDrive%20-%20Visoko%20uciliste%20Algebra/Desktop/PPPK_JavaProjekt/PeopleManager/src/hr/algebra/viewmodel/StudentViewModel.java</file>
        </group>
    </open-files>
</project-private>
